<?xml version="1.0" encoding="UTF-8"?>
<con:soapui-project id="72279738-571b-4202-ad90-98e6babc0e6c" activeEnvironment="Default" name="SOAP_Academy_Eteration_Project" resourceRoot="" soapui-version="5.8.0" xmlns:con="http://eviware.com/soapui/config"><con:settings/><con:interface xsi:type="con:WsdlInterface" id="950d4130-a56f-49eb-a789-bf1ba4eeb3e3" wsaVersion="NONE" name="SOAPDemoSoap" type="wsdl" bindingName="{http://tempuri.org}SOAPDemoSoap" soapVersion="1_1" anonymous="optional" definition="https://www.crcind.com/csp/samples/SOAP.Demo.cls?WSDL" xmlns:xsi="http://www.w3.org/2001/XMLSchema-instance"><con:settings/><con:definitionCache type="TEXT" rootPart="https://www.crcind.com/csp/samples/SOAP.Demo.cls?WSDL"><con:part><con:url>https://www.crcind.com/csp/samples/SOAP.Demo.cls?WSDL</con:url><con:content><![CDATA[<definitions targetNamespace="http://tempuri.org" xmlns="http://schemas.xmlsoap.org/wsdl/" xmlns:SOAP-ENC="http://schemas.xmlsoap.org/soap/encoding/" xmlns:mime="http://schemas.xmlsoap.org/wsdl/mime/" xmlns:s="http://www.w3.org/2001/XMLSchema" xmlns:s0="http://tempuri.org" xmlns:soap="http://schemas.xmlsoap.org/wsdl/soap/" xmlns:wsdl="http://schemas.xmlsoap.org/wsdl/" xmlns:xsi="http://www.w3.org/2001/XMLSchema-instance">
  <types>
    <s:schema elementFormDefault="qualified" targetNamespace="http://tempuri.org">
      <s:import namespace="http://tempuri.org/ByNameDataSet" schemaLocation="https://www.crcind.com:443/csp/samples/SOAP.ByNameDataSet.cls?XSD"/>
      <s:import namespace="http://tempuri.org/QueryByName_DataSet" schemaLocation="https://www.crcind.com:443/csp/samples/SOAP.Demo.QueryByName.DS.cls?XSD"/>
      <s:element name="AddInteger">
        <s:complexType>
          <s:sequence>
            <s:element minOccurs="0" name="Arg1" type="s:long"/>
            <s:element minOccurs="0" name="Arg2" type="s:long"/>
          </s:sequence>
        </s:complexType>
      </s:element>
      <s:element name="AddIntegerResponse">
        <s:complexType>
          <s:sequence>
            <s:element name="AddIntegerResult" type="s:long"/>
          </s:sequence>
        </s:complexType>
      </s:element>
      <s:element name="DivideInteger">
        <s:complexType>
          <s:sequence>
            <s:element minOccurs="0" name="Arg1" type="s:long"/>
            <s:element minOccurs="0" name="Arg2" type="s:long"/>
          </s:sequence>
        </s:complexType>
      </s:element>
      <s:element name="DivideIntegerResponse">
        <s:complexType>
          <s:sequence>
            <s:element name="DivideIntegerResult" type="s:long"/>
          </s:sequence>
        </s:complexType>
      </s:element>
      <s:element name="FindPerson">
        <s:complexType>
          <s:sequence>
            <s:element minOccurs="0" name="id" type="s:string"/>
          </s:sequence>
        </s:complexType>
      </s:element>
      <s:element name="FindPersonResponse">
        <s:complexType>
          <s:sequence>
            <s:element name="FindPersonResult" type="s0:Person"/>
          </s:sequence>
        </s:complexType>
      </s:element>
      <s:complexType name="Employee">
        <s:complexContent>
          <s:extension base="s0:Person">
            <s:sequence>
              <s:element minOccurs="0" name="Title">
                <s:simpleType>
                  <s:restriction base="s:string">
                    <s:maxLength value="50"/>
                  </s:restriction>
                </s:simpleType>
              </s:element>
              <s:element minOccurs="0" name="Salary">
                <s:simpleType>
                  <s:restriction base="s:long">
                    <s:maxInclusive value="100000"/>
                    <s:minInclusive value="0"/>
                  </s:restriction>
                </s:simpleType>
              </s:element>
              <s:element minOccurs="0" name="Notes" type="s:string"/>
              <s:element minOccurs="0" name="Picture" type="s:base64Binary"/>
            </s:sequence>
          </s:extension>
        </s:complexContent>
      </s:complexType>
      <s:complexType name="Person">
        <s:sequence>
          <s:element name="Name" type="s:string"/>
          <s:element name="SSN" type="s:string"/>
          <s:element minOccurs="0" name="DOB" type="s:date"/>
          <s:element minOccurs="0" name="Home" type="s0:Address"/>
          <s:element minOccurs="0" name="Office" type="s0:Address"/>
          <s:element minOccurs="0" name="Spouse" type="s0:Person"/>
          <s:element minOccurs="0" name="FavoriteColors" type="s0:ArrayOfFavoriteColorsItemString"/>
          <s:element minOccurs="0" name="Age" type="s:long"/>
        </s:sequence>
      </s:complexType>
      <s:complexType name="Address">
        <s:sequence>
          <s:element minOccurs="0" name="Street">
            <s:simpleType>
              <s:restriction base="s:string">
                <s:maxLength value="80"/>
              </s:restriction>
            </s:simpleType>
          </s:element>
          <s:element minOccurs="0" name="City">
            <s:simpleType>
              <s:restriction base="s:string">
                <s:maxLength value="80"/>
              </s:restriction>
            </s:simpleType>
          </s:element>
          <s:element minOccurs="0" name="State">
            <s:simpleType>
              <s:restriction base="s:string">
                <s:maxLength value="2"/>
              </s:restriction>
            </s:simpleType>
          </s:element>
          <s:element minOccurs="0" name="Zip">
            <s:simpleType>
              <s:restriction base="s:string">
                <s:maxLength value="5"/>
              </s:restriction>
            </s:simpleType>
          </s:element>
        </s:sequence>
      </s:complexType>
      <s:complexType name="ArrayOfFavoriteColorsItemString">
        <s:sequence>
          <s:element maxOccurs="unbounded" minOccurs="0" name="FavoriteColorsItem" nillable="true" type="s:string"/>
        </s:sequence>
      </s:complexType>
      <s:element name="GetByName">
        <s:complexType>
          <s:sequence>
            <s:element minOccurs="0" name="name" type="s:string"/>
          </s:sequence>
        </s:complexType>
      </s:element>
      <s:element name="GetByNameResponse">
        <s:complexType>
          <s:sequence>
            <s:element name="GetByNameResult" type="s0:DataSet"/>
          </s:sequence>
        </s:complexType>
      </s:element>
      <s:complexType name="DataSet">
        <s:sequence>
          <s:element ref="s:schema"/>
          <s:any/>
        </s:sequence>
      </s:complexType>
      <s:element name="GetDataSetByName">
        <s:complexType>
          <s:sequence>
            <s:element minOccurs="0" name="name" type="s:string"/>
          </s:sequence>
        </s:complexType>
      </s:element>
      <s:element name="GetDataSetByNameResponse">
        <s:complexType>
          <s:sequence>
            <s:element name="GetDataSetByNameResult" type="s0:ByNameDataSet"/>
          </s:sequence>
        </s:complexType>
      </s:element>
      <s:complexType name="ByNameDataSet">
        <s:sequence>
          <s:any namespace="http://tempuri.org/ByNameDataSet"/>
        </s:sequence>
      </s:complexType>
      <s:element name="GetListByName">
        <s:complexType>
          <s:sequence>
            <s:element minOccurs="0" name="name" type="s:string"/>
          </s:sequence>
        </s:complexType>
      </s:element>
      <s:element name="GetListByNameResponse">
        <s:complexType>
          <s:sequence>
            <s:element name="GetListByNameResult" type="s0:ArrayOfPersonIdentificationPersonIdentification"/>
          </s:sequence>
        </s:complexType>
      </s:element>
      <s:complexType name="ArrayOfPersonIdentificationPersonIdentification">
        <s:sequence>
          <s:element maxOccurs="unbounded" minOccurs="0" name="PersonIdentification" nillable="true" type="s0:PersonIdentification"/>
        </s:sequence>
      </s:complexType>
      <s:complexType name="PersonIdentification">
        <s:sequence>
          <s:element minOccurs="0" name="ID" type="s:string"/>
          <s:element name="Name" type="s:string"/>
          <s:element name="SSN" type="s:string"/>
          <s:element minOccurs="0" name="DOB" type="s:date"/>
        </s:sequence>
      </s:complexType>
      <s:element name="LookupCity">
        <s:complexType>
          <s:sequence>
            <s:element minOccurs="0" name="zip" type="s:string"/>
          </s:sequence>
        </s:complexType>
      </s:element>
      <s:element name="LookupCityResponse">
        <s:complexType>
          <s:sequence>
            <s:element name="LookupCityResult" type="s0:Address"/>
          </s:sequence>
        </s:complexType>
      </s:element>
      <s:element name="Mission">
        <s:complexType>
          <s:sequence/>
        </s:complexType>
      </s:element>
      <s:element name="MissionResponse">
        <s:complexType>
          <s:sequence>
            <s:element name="MissionResult" type="s:string"/>
          </s:sequence>
        </s:complexType>
      </s:element>
      <s:element name="QueryByName">
        <s:complexType>
          <s:sequence>
            <s:element minOccurs="0" name="name" type="s:string"/>
          </s:sequence>
        </s:complexType>
      </s:element>
      <s:element name="QueryByNameResponse">
        <s:complexType>
          <s:sequence>
            <s:element name="QueryByNameResult" type="s0:QueryByName_DataSet"/>
          </s:sequence>
        </s:complexType>
      </s:element>
      <s:complexType name="QueryByName_DataSet">
        <s:sequence>
          <s:any namespace="http://tempuri.org/QueryByName_DataSet"/>
        </s:sequence>
      </s:complexType>
    </s:schema>
  </types>
  <message name="AddIntegerSoapIn">
    <part name="parameters" element="s0:AddInteger"/>
  </message>
  <message name="AddIntegerSoapOut">
    <part name="parameters" element="s0:AddIntegerResponse"/>
  </message>
  <message name="DivideIntegerSoapIn">
    <part name="parameters" element="s0:DivideInteger"/>
  </message>
  <message name="DivideIntegerSoapOut">
    <part name="parameters" element="s0:DivideIntegerResponse"/>
  </message>
  <message name="FindPersonSoapIn">
    <part name="parameters" element="s0:FindPerson"/>
  </message>
  <message name="FindPersonSoapOut">
    <part name="parameters" element="s0:FindPersonResponse"/>
  </message>
  <message name="GetByNameSoapIn">
    <part name="parameters" element="s0:GetByName"/>
  </message>
  <message name="GetByNameSoapOut">
    <part name="parameters" element="s0:GetByNameResponse"/>
  </message>
  <message name="GetDataSetByNameSoapIn">
    <part name="parameters" element="s0:GetDataSetByName"/>
  </message>
  <message name="GetDataSetByNameSoapOut">
    <part name="parameters" element="s0:GetDataSetByNameResponse"/>
  </message>
  <message name="GetListByNameSoapIn">
    <part name="parameters" element="s0:GetListByName"/>
  </message>
  <message name="GetListByNameSoapOut">
    <part name="parameters" element="s0:GetListByNameResponse"/>
  </message>
  <message name="LookupCitySoapIn">
    <part name="parameters" element="s0:LookupCity"/>
  </message>
  <message name="LookupCitySoapOut">
    <part name="parameters" element="s0:LookupCityResponse"/>
  </message>
  <message name="MissionSoapIn">
    <part name="parameters" element="s0:Mission"/>
  </message>
  <message name="MissionSoapOut">
    <part name="parameters" element="s0:MissionResponse"/>
  </message>
  <message name="QueryByNameSoapIn">
    <part name="parameters" element="s0:QueryByName"/>
  </message>
  <message name="QueryByNameSoapOut">
    <part name="parameters" element="s0:QueryByNameResponse"/>
  </message>
  <portType name="SOAPDemoSoap">
    <operation name="AddInteger">
      <input message="s0:AddIntegerSoapIn"/>
      <output message="s0:AddIntegerSoapOut"/>
    </operation>
    <operation name="DivideInteger">
      <input message="s0:DivideIntegerSoapIn"/>
      <output message="s0:DivideIntegerSoapOut"/>
    </operation>
    <operation name="FindPerson">
      <input message="s0:FindPersonSoapIn"/>
      <output message="s0:FindPersonSoapOut"/>
    </operation>
    <operation name="GetByName">
      <input message="s0:GetByNameSoapIn"/>
      <output message="s0:GetByNameSoapOut"/>
    </operation>
    <operation name="GetDataSetByName">
      <input message="s0:GetDataSetByNameSoapIn"/>
      <output message="s0:GetDataSetByNameSoapOut"/>
    </operation>
    <operation name="GetListByName">
      <input message="s0:GetListByNameSoapIn"/>
      <output message="s0:GetListByNameSoapOut"/>
    </operation>
    <operation name="LookupCity">
      <input message="s0:LookupCitySoapIn"/>
      <output message="s0:LookupCitySoapOut"/>
    </operation>
    <operation name="Mission">
      <input message="s0:MissionSoapIn"/>
      <output message="s0:MissionSoapOut"/>
    </operation>
    <operation name="QueryByName">
      <input message="s0:QueryByNameSoapIn"/>
      <output message="s0:QueryByNameSoapOut"/>
    </operation>
  </portType>
  <binding name="SOAPDemoSoap" type="s0:SOAPDemoSoap">
    <soap:binding transport="http://schemas.xmlsoap.org/soap/http" style="document"/>
    <operation name="AddInteger">
      <soap:operation soapAction="http://tempuri.org/SOAP.Demo.AddInteger" style="document"/>
      <input>
        <soap:body use="literal"/>
      </input>
      <output>
        <soap:body use="literal"/>
      </output>
    </operation>
    <operation name="DivideInteger">
      <soap:operation soapAction="http://tempuri.org/SOAP.Demo.DivideInteger" style="document"/>
      <input>
        <soap:body use="literal"/>
      </input>
      <output>
        <soap:body use="literal"/>
      </output>
    </operation>
    <operation name="FindPerson">
      <soap:operation soapAction="http://tempuri.org/SOAP.Demo.FindPerson" style="document"/>
      <input>
        <soap:body use="literal"/>
      </input>
      <output>
        <soap:body use="literal"/>
      </output>
    </operation>
    <operation name="GetByName">
      <soap:operation soapAction="http://tempuri.org/SOAP.Demo.GetByName" style="document"/>
      <input>
        <soap:body use="literal"/>
      </input>
      <output>
        <soap:body use="literal"/>
      </output>
    </operation>
    <operation name="GetDataSetByName">
      <soap:operation soapAction="http://tempuri.org/SOAP.Demo.GetDataSetByName" style="document"/>
      <input>
        <soap:body use="literal"/>
      </input>
      <output>
        <soap:body use="literal"/>
      </output>
    </operation>
    <operation name="GetListByName">
      <soap:operation soapAction="http://tempuri.org/SOAP.Demo.GetListByName" style="document"/>
      <input>
        <soap:body use="literal"/>
      </input>
      <output>
        <soap:body use="literal"/>
      </output>
    </operation>
    <operation name="LookupCity">
      <soap:operation soapAction="http://tempuri.org/SOAP.Demo.LookupCity" style="document"/>
      <input>
        <soap:body use="literal"/>
      </input>
      <output>
        <soap:body use="literal"/>
      </output>
    </operation>
    <operation name="Mission">
      <soap:operation soapAction="http://tempuri.org/SOAP.Demo.Mission" style="document"/>
      <input>
        <soap:body use="literal"/>
      </input>
      <output>
        <soap:body use="literal"/>
      </output>
    </operation>
    <operation name="QueryByName">
      <soap:operation soapAction="http://tempuri.org/SOAP.Demo.QueryByName" style="document"/>
      <input>
        <soap:body use="literal"/>
      </input>
      <output>
        <soap:body use="literal"/>
      </output>
    </operation>
  </binding>
  <service name="SOAPDemo">
    <port name="SOAPDemoSoap" binding="s0:SOAPDemoSoap">
      <soap:address location="https://www.crcind.com:443/csp/samples/SOAP.Demo.cls"/>
    </port>
  </service>
</definitions>]]></con:content><con:type>http://schemas.xmlsoap.org/wsdl/</con:type></con:part><con:part><con:url>https://www.crcind.com:443/csp/samples/SOAP.ByNameDataSet.cls?XSD</con:url><con:content><![CDATA[<s:schema id="ByNameDataSet" targetNamespace="http://tempuri.org/ByNameDataSet" attributeFormDefault="qualified" elementFormDefault="qualified" xmlns="http://tempuri.org/ByNameDataSet" xmlns:mstns="http://tempuri.org/ByNameDataSet" xmlns:s="http://www.w3.org/2001/XMLSchema" xmlns:msdata="urn:schemas-microsoft-com:xml-msdata">
  <s:element name="ByNameDataSet" msdata:IsDataSet="true">
    <s:complexType>
      <s:choice maxOccurs="unbounded">
        <s:element name="ByName">
          <s:complexType>
            <s:sequence>
              <s:element name="ID" type="s:long" minOccurs="0"/>
              <s:element name="Name" type="s:string" minOccurs="0"/>
              <s:element name="DOB" type="s:date" minOccurs="0"/>
              <s:element name="SSN" type="s:string" minOccurs="0"/>
            </s:sequence>
          </s:complexType>
        </s:element>
      </s:choice>
    </s:complexType>
    <s:unique name="Constraint1" msdata:PrimaryKey="true">
      <s:selector xpath=".//mstns:ByName"/>
      <s:field xpath="mstns:ID"/>
    </s:unique>
  </s:element>
</s:schema>]]></con:content><con:type>http://www.w3.org/2001/XMLSchema</con:type></con:part><con:part><con:url>https://www.crcind.com:443/csp/samples/SOAP.Demo.QueryByName.DS.cls?XSD</con:url><con:content><![CDATA[<s:schema id="QueryByName_DataSet" targetNamespace="http://tempuri.org/QueryByName_DataSet" attributeFormDefault="qualified" elementFormDefault="qualified" xmlns="http://tempuri.org/QueryByName_DataSet" xmlns:mstns="http://tempuri.org/QueryByName_DataSet" xmlns:s="http://www.w3.org/2001/XMLSchema" xmlns:msdata="urn:schemas-microsoft-com:xml-msdata">
  <s:element name="QueryByName_DataSet" msdata:IsDataSet="true">
    <s:complexType>
      <s:choice maxOccurs="unbounded">
        <s:element name="QueryByName">
          <s:complexType>
            <s:sequence>
              <s:element name="ID" type="s:long" minOccurs="0"/>
              <s:element name="Name" type="s:string" minOccurs="0"/>
              <s:element name="DOB" type="s:date" minOccurs="0"/>
              <s:element name="SSN" type="s:string" minOccurs="0"/>
            </s:sequence>
          </s:complexType>
        </s:element>
      </s:choice>
    </s:complexType>
    <s:unique name="Constraint1" msdata:PrimaryKey="true">
      <s:selector xpath=".//mstns:QueryByName"/>
      <s:field xpath="mstns:ID"/>
    </s:unique>
  </s:element>
</s:schema>]]></con:content><con:type>http://www.w3.org/2001/XMLSchema</con:type></con:part></con:definitionCache><con:endpoints><con:endpoint>https://www.crcind.com:443/csp/samples/SOAP.Demo.cls</con:endpoint></con:endpoints><con:operation id="04af0a42-1fd5-4124-96fa-9ba058853630" isOneWay="false" action="http://tempuri.org/SOAP.Demo.AddInteger" name="AddInteger" bindingOperationName="AddInteger" type="Request-Response" inputName="" receivesAttachments="false" sendsAttachments="false" anonymous="optional"><con:settings/><con:call id="945780d1-a84a-4b47-84a0-acdd1d799abb" name="AddInteger1"><con:settings><con:setting id="com.eviware.soapui.impl.wsdl.WsdlRequest@request-headers">&lt;xml-fragment/></con:setting></con:settings><con:encoding>UTF-8</con:encoding><con:endpoint>https://www.crcind.com:443/csp/samples/SOAP.Demo.cls</con:endpoint><con:request><![CDATA[<AddInteger>
  <Arg1>10</Arg1>
  <Arg2>20</Arg2>
</AddInteger>
]]></con:request><con:credentials><con:authType>No Authorization</con:authType></con:credentials><con:jmsConfig JMSDeliveryMode="PERSISTENT"/><con:jmsPropertyConfig/><con:wsaConfig mustUnderstand="NONE" version="200508" action="http://tempuri.org/SOAP.Demo.AddInteger"/><con:wsrmConfig version="1.2"/></con:call><con:call id="4bfdda70-5242-4341-9514-3e42bc656c7d" name="AddIntergerNew"><con:settings><con:setting id="com.eviware.soapui.impl.wsdl.WsdlRequest@request-headers">&lt;xml-fragment/></con:setting></con:settings><con:encoding>UTF-8</con:encoding><con:endpoint>https://www.crcind.com:443/csp/samples/SOAP.Demo.cls</con:endpoint><con:request><![CDATA[<soapenv:Envelope xmlns:soapenv="http://schemas.xmlsoap.org/soap/envelope/" xmlns:tem="http://tempuri.org">
   <soapenv:Header/>
   <soapenv:Body>
      <tem:AddInteger>
         <tem:Arg1>15</tem:Arg1>
         <tem:Arg2>25</tem:Arg2>
      </tem:AddInteger>
   </soapenv:Body>
</soapenv:Envelope>
]]></con:request><con:credentials><con:authType>No Authorization</con:authType></con:credentials><con:jmsConfig JMSDeliveryMode="PERSISTENT"/><con:jmsPropertyConfig/><con:wsaConfig mustUnderstand="NONE" version="200508" action="http://tempuri.org/SOAP.Demo.AddInteger"/><con:wsrmConfig version="1.2"/></con:call></con:operation><con:operation id="2fbbcfe1-a9b5-4ef7-ad2e-1168631564d4" isOneWay="false" action="http://tempuri.org/SOAP.Demo.DivideInteger" name="DivideInteger" bindingOperationName="DivideInteger" type="Request-Response" inputName="" receivesAttachments="false" sendsAttachments="false" anonymous="optional"><con:settings/><con:call id="3fe0faac-6156-414f-9256-8a7e9ccd8cc3" name="Request 1"><con:settings/><con:encoding>UTF-8</con:encoding><con:endpoint>https://www.crcind.com:443/csp/samples/SOAP.Demo.cls</con:endpoint><con:request><![CDATA[<soapenv:Envelope xmlns:soapenv="http://schemas.xmlsoap.org/soap/envelope/" xmlns:tem="http://tempuri.org">
   <soapenv:Header/>
   <soapenv:Body>
      <tem:DivideInteger>
         <!--Optional:-->
         <tem:Arg1>?</tem:Arg1>
         <!--Optional:-->
         <tem:Arg2>?</tem:Arg2>
      </tem:DivideInteger>
   </soapenv:Body>
</soapenv:Envelope>]]></con:request><con:wsaConfig mustUnderstand="NONE" version="200508" action="http://tempuri.org/SOAP.Demo.DivideInteger"/></con:call><con:call id="93e8b099-830f-47fc-8831-2ad30b689115" name="DivideInteger"><con:settings><con:setting id="com.eviware.soapui.impl.wsdl.WsdlRequest@request-headers">&lt;xml-fragment/></con:setting></con:settings><con:encoding>UTF-8</con:encoding><con:endpoint>https://www.crcind.com:443/csp/samples/SOAP.Demo.cls</con:endpoint><con:request><![CDATA[<soapenv:Envelope xmlns:soapenv="http://schemas.xmlsoap.org/soap/envelope/" xmlns:tem="http://tempuri.org">
   <soapenv:Header/>
   <soapenv:Body>
      <tem:DivideInteger>
         <tem:Arg1>20</tem:Arg1>
         <tem:Arg2>5</tem:Arg2>
      </tem:DivideInteger>
   </soapenv:Body>
</soapenv:Envelope>
]]></con:request><con:credentials><con:authType>No Authorization</con:authType></con:credentials><con:jmsConfig JMSDeliveryMode="PERSISTENT"/><con:jmsPropertyConfig/><con:wsaConfig mustUnderstand="NONE" version="200508" action="http://tempuri.org/SOAP.Demo.DivideInteger"/><con:wsrmConfig version="1.2"/></con:call></con:operation><con:operation id="fc82982e-14ac-472f-a92c-60db15010122" isOneWay="false" action="http://tempuri.org/SOAP.Demo.FindPerson" name="FindPerson" bindingOperationName="FindPerson" type="Request-Response" inputName="" receivesAttachments="false" sendsAttachments="false" anonymous="optional"><con:settings/><con:call id="bc06e616-05a2-4f7f-a89f-2120146fec72" name="Request 2"><con:settings><con:setting id="com.eviware.soapui.impl.wsdl.WsdlRequest@request-headers">&lt;xml-fragment/></con:setting></con:settings><con:encoding>UTF-8</con:encoding><con:endpoint>https://www.crcind.com:443/csp/samples/SOAP.Demo.cls</con:endpoint><con:request><![CDATA[<soapenv:Envelope xmlns:soapenv="http://schemas.xmlsoap.org/soap/envelope/" xmlns:tem="http://tempuri.org">
   <soapenv:Header/>
   <soapenv:Body>
      <tem:DivideInteger>
         <tem:Arg1>20</tem:Arg1>
         <tem:Arg2>5</tem:Arg2>
      </tem:DivideInteger>
   </soapenv:Body>
</soapenv:Envelope>
]]></con:request><con:credentials><con:authType>No Authorization</con:authType></con:credentials><con:jmsConfig JMSDeliveryMode="PERSISTENT"/><con:jmsPropertyConfig/><con:wsaConfig mustUnderstand="NONE" version="200508" action="http://tempuri.org/SOAP.Demo.FindPerson"/><con:wsrmConfig version="1.2"/></con:call><con:call id="9c3e99ef-4881-4b3b-87ae-b4b9158b19c4" name="FindPerson"><con:settings><con:setting id="com.eviware.soapui.impl.wsdl.WsdlRequest@request-headers">&lt;xml-fragment/></con:setting></con:settings><con:encoding>UTF-8</con:encoding><con:endpoint>https://www.crcind.com:443/csp/samples/SOAP.Demo.cls</con:endpoint><con:request><![CDATA[<soapenv:Envelope xmlns:soapenv="http://schemas.xmlsoap.org/soap/envelope/" xmlns:tem="http://tempuri.org">
   <soapenv:Header/>
   <soapenv:Body>
      <tem:FindPerson>
         <tem:Name>John</tem:Name>
      </tem:FindPerson>
   </soapenv:Body>
</soapenv:Envelope>
]]></con:request><con:credentials><con:authType>No Authorization</con:authType></con:credentials><con:jmsConfig JMSDeliveryMode="PERSISTENT"/><con:jmsPropertyConfig/><con:wsaConfig mustUnderstand="NONE" version="200508" action="http://tempuri.org/SOAP.Demo.FindPerson"/><con:wsrmConfig version="1.2"/></con:call></con:operation><con:operation id="5812821a-604c-40cf-b340-fea5eac93221" isOneWay="false" action="http://tempuri.org/SOAP.Demo.GetByName" name="GetByName" bindingOperationName="GetByName" type="Request-Response" inputName="" receivesAttachments="false" sendsAttachments="false" anonymous="optional"><con:settings/><con:call id="3e60b469-5572-4450-90d3-c89f6bd1cf7f" name="Request 1"><con:settings/><con:encoding>UTF-8</con:encoding><con:endpoint>https://www.crcind.com:443/csp/samples/SOAP.Demo.cls</con:endpoint><con:request><![CDATA[<soapenv:Envelope xmlns:soapenv="http://schemas.xmlsoap.org/soap/envelope/" xmlns:tem="http://tempuri.org">
   <soapenv:Header/>
   <soapenv:Body>
      <tem:GetByName>
         <!--Optional:-->
         <tem:name>?</tem:name>
      </tem:GetByName>
   </soapenv:Body>
</soapenv:Envelope>]]></con:request><con:wsaConfig mustUnderstand="NONE" version="200508" action="http://tempuri.org/SOAP.Demo.GetByName"/></con:call><con:call id="670c958d-ba58-4369-9fb8-ddf398770b56" name="GetBayName"><con:settings><con:setting id="com.eviware.soapui.impl.wsdl.WsdlRequest@request-headers">&lt;xml-fragment/></con:setting></con:settings><con:encoding>UTF-8</con:encoding><con:endpoint>https://www.crcind.com:443/csp/samples/SOAP.Demo.cls</con:endpoint><con:request><![CDATA[<soapenv:Envelope xmlns:soapenv="http://schemas.xmlsoap.org/soap/envelope/" xmlns:tem="http://tempuri.org">
   <soapenv:Header/>
   <soapenv:Body>
      <tem:GetByName>
         <tem:Name>John</tem:Name>
      </tem:GetByName>
   </soapenv:Body>
</soapenv:Envelope>
]]></con:request><con:credentials><con:authType>No Authorization</con:authType></con:credentials><con:jmsConfig JMSDeliveryMode="PERSISTENT"/><con:jmsPropertyConfig/><con:wsaConfig mustUnderstand="NONE" version="200508" action="http://tempuri.org/SOAP.Demo.GetByName"/><con:wsrmConfig version="1.2"/></con:call></con:operation><con:operation id="a51e73d5-a440-46f2-8dfd-dc41b832da27" isOneWay="false" action="http://tempuri.org/SOAP.Demo.GetDataSetByName" name="GetDataSetByName" bindingOperationName="GetDataSetByName" type="Request-Response" inputName="" receivesAttachments="false" sendsAttachments="false" anonymous="optional"><con:settings/><con:call id="1e4116ba-08d8-40f0-a342-9ede45b41ee7" name="Request 1"><con:settings/><con:encoding>UTF-8</con:encoding><con:endpoint>https://www.crcind.com:443/csp/samples/SOAP.Demo.cls</con:endpoint><con:request><![CDATA[<soapenv:Envelope xmlns:soapenv="http://schemas.xmlsoap.org/soap/envelope/" xmlns:tem="http://tempuri.org">
   <soapenv:Header/>
   <soapenv:Body>
      <tem:GetDataSetByName>
         <!--Optional:-->
         <tem:name>?</tem:name>
      </tem:GetDataSetByName>
   </soapenv:Body>
</soapenv:Envelope>]]></con:request><con:credentials><con:authType>No Authorization</con:authType></con:credentials><con:jmsConfig JMSDeliveryMode="PERSISTENT"/><con:jmsPropertyConfig/><con:wsaConfig mustUnderstand="NONE" version="200508" action="http://tempuri.org/SOAP.Demo.GetDataSetByName"/><con:wsrmConfig version="1.2"/></con:call><con:call id="a41f976a-2ea6-4e2c-9e34-e7257d871020" name="GetDataSetByName"><con:settings/><con:encoding>UTF-8</con:encoding><con:endpoint>https://www.crcind.com:443/csp/samples/SOAP.Demo.cls</con:endpoint><con:request><![CDATA[<soapenv:Envelope xmlns:soapenv="http://schemas.xmlsoap.org/soap/envelope/" xmlns:tem="http://tempuri.org">
   <soapenv:Header/>
   <soapenv:Body>
      <tem:GetDataSetByName>
         <!--Optional:-->
         <tem:name>?</tem:name>
      </tem:GetDataSetByName>
   </soapenv:Body>
</soapenv:Envelope>]]></con:request><con:credentials><con:authType>No Authorization</con:authType></con:credentials><con:jmsConfig JMSDeliveryMode="PERSISTENT"/><con:jmsPropertyConfig/><con:wsaConfig mustUnderstand="NONE" version="200508" action="http://tempuri.org/SOAP.Demo.GetDataSetByName"/><con:wsrmConfig version="1.2"/></con:call></con:operation><con:operation id="7e14a2de-eb69-4382-a8c3-16bc465b0105" isOneWay="false" action="http://tempuri.org/SOAP.Demo.GetListByName" name="GetListByName" bindingOperationName="GetListByName" type="Request-Response" inputName="" receivesAttachments="false" sendsAttachments="false" anonymous="optional"><con:settings/><con:call id="6ca9097a-d552-4915-b12d-ea8689e05bb7" name="Request 1"><con:settings/><con:encoding>UTF-8</con:encoding><con:endpoint>https://www.crcind.com:443/csp/samples/SOAP.Demo.cls</con:endpoint><con:request><![CDATA[<soapenv:Envelope xmlns:soapenv="http://schemas.xmlsoap.org/soap/envelope/" xmlns:tem="http://tempuri.org">
   <soapenv:Header/>
   <soapenv:Body>
      <tem:GetListByName>
         <!--Optional:-->
         <tem:name>?</tem:name>
      </tem:GetListByName>
   </soapenv:Body>
</soapenv:Envelope>]]></con:request><con:credentials><con:authType>No Authorization</con:authType></con:credentials><con:jmsConfig JMSDeliveryMode="PERSISTENT"/><con:jmsPropertyConfig/><con:wsaConfig mustUnderstand="NONE" version="200508" action="http://tempuri.org/SOAP.Demo.GetListByName"/><con:wsrmConfig version="1.2"/></con:call><con:call id="42065cbb-df8c-4538-89b3-911cfb5b54c0" name="GetListByName"><con:settings><con:setting id="com.eviware.soapui.impl.wsdl.WsdlRequest@request-headers">&lt;xml-fragment/></con:setting></con:settings><con:encoding>UTF-8</con:encoding><con:endpoint>https://www.crcind.com:443/csp/samples/SOAP.Demo.cls</con:endpoint><con:request><![CDATA[<soapenv:Envelope xmlns:soapenv="http://schemas.xmlsoap.org/soap/envelope/" xmlns:tem="http://tempuri.org">
   <soapenv:Header/>
   <soapenv:Body>
      <tem:GetListByName>
         <tem:Name>SampleListName</tem:Name>
      </tem:GetListByName>
   </soapenv:Body>
</soapenv:Envelope>]]></con:request><con:credentials><con:authType>No Authorization</con:authType></con:credentials><con:jmsConfig JMSDeliveryMode="PERSISTENT"/><con:jmsPropertyConfig/><con:wsaConfig mustUnderstand="NONE" version="200508" action="http://tempuri.org/SOAP.Demo.GetListByName"/><con:wsrmConfig version="1.2"/></con:call></con:operation><con:operation id="9a350819-2207-4698-a3fa-fa88c70e353d" isOneWay="false" action="http://tempuri.org/SOAP.Demo.LookupCity" name="LookupCity" bindingOperationName="LookupCity" type="Request-Response" inputName="" receivesAttachments="false" sendsAttachments="false" anonymous="optional"><con:settings/><con:call id="8b9bc94b-315a-4997-bea1-d66d18d872df" name="Request 1"><con:settings><con:setting id="com.eviware.soapui.impl.wsdl.WsdlRequest@request-headers">&lt;xml-fragment/></con:setting></con:settings><con:encoding>UTF-8</con:encoding><con:endpoint>https://www.crcind.com:443/csp/samples/SOAP.Demo.cls</con:endpoint><con:request><![CDATA[<soapenv:Envelope xmlns:soapenv="http://schemas.xmlsoap.org/soap/envelope/" xmlns:tem="http://tempuri.org">
   <soapenv:Header/>
   <soapenv:Body>
      <tem:LookupCity>
         <tem:CityName>New York</tem:CityName>
      </tem:LookupCity>
   </soapenv:Body>
</soapenv:Envelope>
]]></con:request><con:credentials><con:authType>No Authorization</con:authType></con:credentials><con:jmsConfig JMSDeliveryMode="PERSISTENT"/><con:jmsPropertyConfig/><con:wsaConfig mustUnderstand="NONE" version="200508" action="http://tempuri.org/SOAP.Demo.LookupCity"/><con:wsrmConfig version="1.2"/></con:call></con:operation><con:operation id="a12056f6-8113-4eb8-8003-77addb136702" isOneWay="false" action="http://tempuri.org/SOAP.Demo.Mission" name="Mission" bindingOperationName="Mission" type="Request-Response" inputName="" receivesAttachments="false" sendsAttachments="false" anonymous="optional"><con:settings/><con:call id="7e38d629-6ef8-4bbe-b7e9-e5564fc9f7c3" name="Request 1"><con:settings><con:setting id="com.eviware.soapui.impl.wsdl.WsdlRequest@request-headers">&lt;xml-fragment/></con:setting></con:settings><con:encoding>UTF-8</con:encoding><con:endpoint>https://www.crcind.com:443/csp/samples/SOAP.Demo.cls</con:endpoint><con:request><![CDATA[<soapenv:Envelope xmlns:soapenv="http://schemas.xmlsoap.org/soap/envelope/" xmlns:tem="http://tempuri.org">
   <soapenv:Header/>
   <soapenv:Body>
      <tem:Mission>
         <tem:MissionName>ExploreMars</tem:MissionName>
      </tem:Mission>
   </soapenv:Body>
</soapenv:Envelope>
]]></con:request><con:credentials><con:authType>No Authorization</con:authType></con:credentials><con:jmsConfig JMSDeliveryMode="PERSISTENT"/><con:jmsPropertyConfig/><con:wsaConfig mustUnderstand="NONE" version="200508" action="http://tempuri.org/SOAP.Demo.Mission"/><con:wsrmConfig version="1.2"/></con:call></con:operation><con:operation id="b76f8d08-9f6c-4a0e-b695-433e7cd60a75" isOneWay="false" action="http://tempuri.org/SOAP.Demo.QueryByName" name="QueryByName" bindingOperationName="QueryByName" type="Request-Response" inputName="" receivesAttachments="false" sendsAttachments="false" anonymous="optional"><con:settings/><con:call id="6c9f3d1a-e130-4d96-ba00-58d547d7b2c5" name="Request 1"><con:settings><con:setting id="com.eviware.soapui.impl.wsdl.WsdlRequest@request-headers">&lt;xml-fragment/></con:setting></con:settings><con:encoding>UTF-8</con:encoding><con:endpoint>https://www.crcind.com:443/csp/samples/SOAP.Demo.cls</con:endpoint><con:request><![CDATA[<soapenv:Envelope xmlns:soapenv="http://schemas.xmlsoap.org/soap/envelope/" xmlns:tem="http://tempuri.org">
   <soapenv:Header/>
   <soapenv:Body>
      <tem:QueryByName>
         <tem:Name>John Doe</tem:Name>
      </tem:QueryByName>
   </soapenv:Body>
</soapenv:Envelope>]]></con:request><con:credentials><con:authType>No Authorization</con:authType></con:credentials><con:jmsConfig JMSDeliveryMode="PERSISTENT"/><con:jmsPropertyConfig/><con:wsaConfig mustUnderstand="NONE" version="200508" action="http://tempuri.org/SOAP.Demo.QueryByName"/><con:wsrmConfig version="1.2"/></con:call></con:operation></con:interface><con:testSuite id="69dc51b3-ed03-44c2-9a4b-14d6bbd4feb2" name="AcademyTestSuite"><con:settings/><con:runType>SEQUENTIAL</con:runType><con:testCase id="67c0c6b8-8568-4dc5-852a-45b7b709ef49" failOnError="true" failTestCaseOnErrors="true" keepSession="false" maxResults="0" name="TestCase" searchProperties="true" timeout="1" wsrmEnabled="false" wsrmVersion="1.0" wsrmAckTo="" amfAuthorisation="false" amfEndpoint="" amfLogin="" amfPassword=""><con:settings/><con:testStep type="request" id="b88a608e-1ab6-434f-8af9-02eb8bcf1c64" name="GetDataSetByName - GetDataSetByName"><con:settings/><con:config xsi:type="con:RequestStep" xmlns:xsi="http://www.w3.org/2001/XMLSchema-instance"><con:interface>SOAPDemoSoap</con:interface><con:operation>GetDataSetByName</con:operation><con:request name="GetDataSetByName - GetDataSetByName" outgoingWss="" incomingWss="" timeout="" sslKeystore="" useWsAddressing="false" useWsReliableMessaging="false" wssPasswordType="" id="b14334a8-a6fa-4e45-a113-ee17fa4b6d49"><con:settings><con:setting id="com.eviware.soapui.impl.wsdl.WsdlRequest@request-headers">&lt;xml-fragment/></con:setting></con:settings><con:encoding>UTF-8</con:encoding><con:endpoint>https://www.crcind.com:443/csp/samples/SOAP.Demo.cls</con:endpoint><con:request><![CDATA[<soapenv:Envelope xmlns:soapenv="http://schemas.xmlsoap.org/soap/envelope/" xmlns:tem="http://tempuri.org">
   <soapenv:Header/>
   <soapenv:Body>
      <tem:GetDataSetByName>
         <tem:Name>SampleDataSet</tem:Name>
      </tem:GetDataSetByName>
   </soapenv:Body>
</soapenv:Envelope>
]]></con:request><con:assertion type="SOAP Response" id="fbcfeb00-b13c-4cb6-97a1-ea0ec84be831" name="SOAP Response"/><con:credentials><con:authType>No Authorization</con:authType></con:credentials><con:jmsConfig JMSDeliveryMode="PERSISTENT"/><con:jmsPropertyConfig/><con:wsaConfig mustUnderstand="NONE" version="200508" action="http://tempuri.org/SOAP.Demo.GetDataSetByName"/><con:wsrmConfig version="1.2"/></con:request></con:config></con:testStep><con:testStep type="request" id="c19f3aae-6a32-4afe-a124-5094aaf71dcc" name="GetListByName - GetListByName"><con:settings/><con:config xsi:type="con:RequestStep" xmlns:xsi="http://www.w3.org/2001/XMLSchema-instance"><con:interface>SOAPDemoSoap</con:interface><con:operation>GetListByName</con:operation><con:request name="GetListByName - GetListByName" outgoingWss="" incomingWss="" timeout="" sslKeystore="" useWsAddressing="false" useWsReliableMessaging="false" wssPasswordType="" id="dd134792-cf50-4389-8123-2d809becc902"><con:settings><con:setting id="com.eviware.soapui.impl.wsdl.WsdlRequest@request-headers">&lt;xml-fragment/></con:setting></con:settings><con:encoding>UTF-8</con:encoding><con:endpoint>https://www.crcind.com:443/csp/samples/SOAP.Demo.cls</con:endpoint><con:request><![CDATA[<soapenv:Envelope xmlns:soapenv="http://schemas.xmlsoap.org/soap/envelope/" xmlns:tem="http://tempuri.org">
   <soapenv:Header/>
   <soapenv:Body>
      <tem:GetListByName>
         <tem:Name>SampleListName</tem:Name>
      </tem:GetListByName>
   </soapenv:Body>
</soapenv:Envelope>]]></con:request><con:assertion type="SOAP Response" id="48152cfc-22f4-4659-a210-74c74cab06a4" name="SOAP Response"/><con:credentials><con:authType>No Authorization</con:authType></con:credentials><con:jmsConfig JMSDeliveryMode="PERSISTENT"/><con:jmsPropertyConfig/><con:wsaConfig mustUnderstand="NONE" version="200508" action="http://tempuri.org/SOAP.Demo.GetListByName"/><con:wsrmConfig version="1.2"/></con:request></con:config></con:testStep><con:testStep type="request" id="17728d89-bd0f-4962-ac72-b31533832eea" name="AddInteger - AddInteger1"><con:settings/><con:config xsi:type="con:RequestStep" xmlns:xsi="http://www.w3.org/2001/XMLSchema-instance"><con:interface>SOAPDemoSoap</con:interface><con:operation>AddInteger</con:operation><con:request name="AddInteger - AddInteger1" outgoingWss="" incomingWss="" timeout="" sslKeystore="" useWsAddressing="false" useWsReliableMessaging="false" wssPasswordType="" id="378f6756-e945-4730-9fc8-7101e82ad335"><con:settings><con:setting id="com.eviware.soapui.impl.wsdl.WsdlRequest@request-headers">&lt;xml-fragment/></con:setting></con:settings><con:encoding>UTF-8</con:encoding><con:endpoint>https://www.crcind.com:443/csp/samples/SOAP.Demo.cls</con:endpoint><con:request><![CDATA[<AddInteger>
  <Arg1>10</Arg1>
  <Arg2>20</Arg2>
</AddInteger>
]]></con:request><con:assertion type="SOAP Response" id="2089ac54-c852-4e2c-8cbe-c04182ba4f54" name="SOAP Response"/><con:credentials><con:authType>No Authorization</con:authType></con:credentials><con:jmsConfig JMSDeliveryMode="PERSISTENT"/><con:jmsPropertyConfig/><con:wsaConfig mustUnderstand="NONE" version="200508" action="http://tempuri.org/SOAP.Demo.AddInteger"/><con:wsrmConfig version="1.2"/></con:request></con:config></con:testStep><con:testStep type="request" id="b6205b50-7de0-46a4-8c43-4014decc1494" name="DivideInteger - DivideInteger"><con:settings/><con:config xsi:type="con:RequestStep" xmlns:xsi="http://www.w3.org/2001/XMLSchema-instance"><con:interface>SOAPDemoSoap</con:interface><con:operation>DivideInteger</con:operation><con:request name="DivideInteger - DivideInteger" outgoingWss="" incomingWss="" timeout="" sslKeystore="" useWsAddressing="false" useWsReliableMessaging="false" wssPasswordType="" id="55bee868-ec20-4b69-8ff8-ff19cceb3ecd"><con:settings><con:setting id="com.eviware.soapui.impl.wsdl.WsdlRequest@request-headers">&lt;xml-fragment/></con:setting></con:settings><con:encoding>UTF-8</con:encoding><con:endpoint>https://www.crcind.com:443/csp/samples/SOAP.Demo.cls</con:endpoint><con:request><![CDATA[<soapenv:Envelope xmlns:soapenv="http://schemas.xmlsoap.org/soap/envelope/" xmlns:tem="http://tempuri.org">
   <soapenv:Header/>
   <soapenv:Body>
      <tem:DivideInteger>
         <tem:Arg1>20</tem:Arg1>
         <tem:Arg2>5</tem:Arg2>
      </tem:DivideInteger>
   </soapenv:Body>
</soapenv:Envelope>
]]></con:request><con:assertion type="SOAP Response" id="590c50ec-af89-4d1b-aafc-d11b7de1bee1" name="SOAP Response"/><con:credentials><con:authType>No Authorization</con:authType></con:credentials><con:jmsConfig JMSDeliveryMode="PERSISTENT"/><con:jmsPropertyConfig/><con:wsaConfig mustUnderstand="NONE" version="200508" action="http://tempuri.org/SOAP.Demo.DivideInteger"/><con:wsrmConfig version="1.2"/></con:request></con:config></con:testStep><con:testStep type="request" id="27a04aa3-8460-4a39-ad80-34e24ce5e4fa" name="Mission - Request 1"><con:settings/><con:config xsi:type="con:RequestStep" xmlns:xsi="http://www.w3.org/2001/XMLSchema-instance"><con:interface>SOAPDemoSoap</con:interface><con:operation>Mission</con:operation><con:request name="Mission - Request 1" outgoingWss="" incomingWss="" timeout="" sslKeystore="" useWsAddressing="false" useWsReliableMessaging="false" wssPasswordType="" id="1889fc56-79c4-4215-8c2a-83a75ac75b3a"><con:settings><con:setting id="com.eviware.soapui.impl.wsdl.WsdlRequest@request-headers">&lt;xml-fragment/></con:setting></con:settings><con:encoding>UTF-8</con:encoding><con:endpoint>https://www.crcind.com:443/csp/samples/SOAP.Demo.cls</con:endpoint><con:request><![CDATA[<soapenv:Envelope xmlns:soapenv="http://schemas.xmlsoap.org/soap/envelope/" xmlns:tem="http://tempuri.org">
   <soapenv:Header/>
   <soapenv:Body>
      <tem:Mission>
         <tem:MissionName>ExploreMars</tem:MissionName>
      </tem:Mission>
   </soapenv:Body>
</soapenv:Envelope>
]]></con:request><con:assertion type="SOAP Response" id="5eeafe0c-2e75-459b-9639-5dd21ea7ecca" name="SOAP Response"/><con:credentials><con:authType>No Authorization</con:authType></con:credentials><con:jmsConfig JMSDeliveryMode="PERSISTENT"/><con:jmsPropertyConfig/><con:wsaConfig mustUnderstand="NONE" version="200508" action="http://tempuri.org/SOAP.Demo.Mission"/><con:wsrmConfig version="1.2"/></con:request></con:config></con:testStep><con:testStep type="request" id="d8902d84-3db2-44bb-98fa-b1a7ef8adc32" name="LookupCity - Request 1"><con:settings/><con:config xsi:type="con:RequestStep" xmlns:xsi="http://www.w3.org/2001/XMLSchema-instance"><con:interface>SOAPDemoSoap</con:interface><con:operation>LookupCity</con:operation><con:request name="LookupCity - Request 1" outgoingWss="" incomingWss="" timeout="" sslKeystore="" useWsAddressing="false" useWsReliableMessaging="false" wssPasswordType="" id="0f983e91-8547-492f-876b-3cee8733b14b"><con:settings><con:setting id="com.eviware.soapui.impl.wsdl.WsdlRequest@request-headers">&lt;xml-fragment/></con:setting></con:settings><con:encoding>UTF-8</con:encoding><con:endpoint>https://www.crcind.com:443/csp/samples/SOAP.Demo.cls</con:endpoint><con:request><![CDATA[<soapenv:Envelope xmlns:soapenv="http://schemas.xmlsoap.org/soap/envelope/" xmlns:tem="http://tempuri.org">
   <soapenv:Header/>
   <soapenv:Body>
      <tem:LookupCity>
         <tem:CityName>New York</tem:CityName>
      </tem:LookupCity>
   </soapenv:Body>
</soapenv:Envelope>
]]></con:request><con:assertion type="SOAP Response" id="531393ee-3ba5-4bd4-afbf-f456b4ed518f" name="SOAP Response"/><con:credentials><con:authType>No Authorization</con:authType></con:credentials><con:jmsConfig JMSDeliveryMode="PERSISTENT"/><con:jmsPropertyConfig/><con:wsaConfig mustUnderstand="NONE" version="200508" action="http://tempuri.org/SOAP.Demo.LookupCity"/><con:wsrmConfig version="1.2"/></con:request></con:config></con:testStep><con:loadTest id="98746b63-c2d7-4b11-8a92-65e8223125fc" name="LoadTest"><con:settings><con:setting id="HttpSettings@close-connections">false</con:setting></con:settings><con:threadCount>100</con:threadCount><con:startDelay>10</con:startDelay><con:sampleInterval>250</con:sampleInterval><con:calculateTPSOnTimePassed>true</con:calculateTPSOnTimePassed><con:resetStatisticsOnThreadCountChange>true</con:resetStatisticsOnThreadCountChange><con:historyLimit>-1</con:historyLimit><con:testLimit>60</con:testLimit><con:limitType>TIME</con:limitType><con:loadStrategy><con:type>Simple</con:type></con:loadStrategy><con:assertion type="Step Status" name="Step Status"/><con:maxAssertionErrors>100</con:maxAssertionErrors><con:statisticsLogFolder/><con:statisticsLogInterval>0</con:statisticsLogInterval><con:logStatisticsOnThreadChange>false</con:logStatisticsOnThreadChange><con:cancelOnReachedLimit>false</con:cancelOnReachedLimit><con:cancelExcessiveThreads>true</con:cancelExcessiveThreads><con:strategyInterval>500</con:strategyInterval><con:updateStatisticsPerTestStep>false</con:updateStatisticsPerTestStep></con:loadTest><con:properties/></con:testCase><con:properties/></con:testSuite><con:properties/><con:wssContainer/><con:oAuth2ProfileContainer/><con:oAuth1ProfileContainer/><con:sensitiveInformation/></con:soapui-project>